country_number,country_name,vs Qatar,vs Ecuador,vs Senegal,vs Netherlands,vs England,vs Iran,vs USA,vs Wales,vs Argentina,vs Saudi Arabia,vs Mexico,vs Poland,vs France,vs Australia,vs Denmark,vs Tunisia,vs Spain,vs Costa Rica,vs Germany,vs Japan,vs Belgium,vs Canada,vs Morocco,vs Croatia,vs Brazil,vs Serbia,vs Switzerland,vs Cameroon,vs Portugal,vs Ghana,vs Uruguay,vs Korea Republic,1_in_group,2_in_group,go_to_r16,go_to_r8_in_left,go_to_r8_in_right,go_to_r8,fail_in_r16_left,fail_in_r16_right,fail_in_r16,go_to_r4_in_left,go_to_r4_in_right,go_to_r4,fail_in_r8_left,fail_in_r8_right,fail_in_r8,go_to_final_in_left,go_to_final_in_right,go_to_final,go_to_rank_in_left,go_to_rank_in_right,go_to_rank,3_in_rank,4_in_rank,1_in_final,2_in_final
1,Qatar,0.5,0.45178446,0.26710388,0.12820731,0.16147746,0.34548846,0.22084169,0.25926086,0.126364,0.5296007,0.16983348,0.17014599,0.15428664,0.2972386,0.10574408,0.18082921,0.13287252,0.21873976,0.047486644,0.48891515,0.08198997,0.4494506,0.30660006,0.24129514,0.10754083,0.28196755,0.14295684,0.44977668,0.09517516,0.34953418,0.15174752,0.47393832,0.05788259493189624,0.2533335634043738,0.31121615833627003,0.0031929851098221125,0.01645632187498066,0.019649306984802772,0.012545709015364054,0.043245045051311264,0.055790754066675316,0.0009638867771424431,0.006189676813780442,0.007153563590922885,0.005346932384113324,0.027237792143088,0.03258472452720133,0.0004342531210058166,0.002899840289456468,0.0033340934104622846,0.0015173619634187782,0.009281598567168264,0.010798960530587043,0.0030731554442452198,0.008174189799011666,0.0007243999038335947,0.0027558095562282884
2,Ecuador,0.5482155382633209,0.5,0.3526921272277832,0.27242472022771835,0.29221975803375244,0.38506847620010376,0.326639324426651,0.3483215272426605,0.2713173106312752,0.513079047203064,0.2971336618065834,0.29731689393520355,0.28797251731157303,0.36931319534778595,0.2588479369878769,0.30356500297784805,0.27522289752960205,0.32543976604938507,0.22281521372497082,0.5290747880935669,0.2443009503185749,0.5209348201751709,0.37442173063755035,0.3382391780614853,0.2599402964115143,0.3609241545200348,0.2812461405992508,0.4617105722427368,0.2523999474942684,0.39752502739429474,0.2864689901471138,0.4721701741218567,0.12516965784613376,0.2521945932064793,0.37736425105261306,0.00937040413324525,0.02382488566833936,0.03319528980158461,0.02389067319771994,0.037385244684795906,0.061275917882515844,0.005311229804784312,0.014805702746290754,0.020116932551075065,0.013209033810252995,0.03358941446943214,0.04679844827968513,0.005691771316599493,0.016057345228538744,0.02174911654513824,0.005062060408940145,0.013080648266011288,0.018142708674951432,0.011041549226046755,0.007765590895470535,0.01192586052590429,0.01060262470139135
3,Senegal,0.7328961193561554,0.6473078727722168,0.5,0.3673189878463745,0.3990675210952759,0.5292322933673859,0.44693437218666077,0.48165881633758545,0.36543741822242737,0.7271727323532104,0.4064340144395828,0.4067051410675049,0.39254242181777954,0.5582254976034164,0.34340736269950867,0.4157913029193878,0.37202098965644836,0.4454024136066437,0.26959163695573807,0.6356907039880753,0.3155732676386833,0.64560866355896,0.5509970486164093,0.4612964987754822,0.34540151059627533,0.5311997830867767,0.3818957060575485,0.6358135640621185,0.33136923611164093,0.6128580272197723,0.3901962339878082,0.6370910108089447,0.28146796665768725,0.30072784146625886,0.5821958081239461,0.02894004058133809,0.03896780118785086,0.06790784176918896,0.043385466724564926,0.03654292472889169,0.07992839145345662,0.02237188793742149,0.033487981354783036,0.05585986929220453,0.03482705172139918,0.045666703052836856,0.08049375477423604,0.02564738219226259,0.03881367132649313,0.06446105351875572,0.019649757473007606,0.02709151396474469,0.046741271437752294,0.029886905841806043,0.01781063459154277,0.03732775895154939,0.027929392492881327
4,Netherlands,0.8717926889657974,0.7275752797722816,0.6326810121536255,0.5,0.5418634414672852,0.7358678579330444,0.5991113781929016,0.629009947180748,0.4948766231536865,0.8685116171836853,0.5566712617874146,0.5714723765850067,0.5341111421585083,0.6674480736255646,0.4614506661891937,0.5847636759281158,0.5127739012241364,0.617542639374733,0.35710521042346954,0.7202868536114693,0.42642880976200104,0.7265248820185661,0.6583546102046967,0.6139471381902695,0.46379294991493225,0.6474615186452866,0.5353658199310303,0.7203651070594788,0.44685494899749756,0.7051950693130493,0.5409646928310394,0.7211787924170494,0.5354797805642827,0.19374400192288804,0.7292237824871708,0.07430779447650455,0.03382871716072471,0.10813651163722926,0.05724936288208345,0.016902187759603046,0.07415155064168649,0.07789187833010762,0.038741381025645366,0.11663325935575299,0.06897478001115419,0.0299743624637932,0.09894914247494739,0.08475848351414278,0.04264223754478354,0.1274007210589263,0.07295191184356682,0.03360176975692637,0.1065536816004932,0.06409612831260673,0.04205245908204953,0.06861421696407748,0.056919270175840996
5,England,0.8385225385427475,0.7077802419662476,0.6009324789047241,0.45813655853271484,0.5,0.6802610158920288,0.5657964199781418,0.597026064991951,0.45606955885887146,0.8345511555671692,0.5202733278274536,0.5202938616275787,0.485568642616272,0.6387383341789246,0.43090711534023285,0.5470721423625946,0.4632479250431061,0.5849260240793228,0.3290564566850662,0.6991514712572098,0.3960573375225067,0.7065319716930389,0.628706082701683,0.5811636000871658,0.43326057493686676,0.6168239861726761,0.4737381935119629,0.6992437988519669,0.41636352241039276,0.6815172582864761,0.4823091924190521,0.7002034783363342,0.38103471152700996,0.22383248114704035,0.6048671926740503,0.055398174816908216,0.03570741944830087,0.09110559426520909,0.03742348926912886,0.02209612467381862,0.05951961394294748,0.05379673990181895,0.03807201500661639,0.09186875490843534,0.05569574161890398,0.03445990702346121,0.0901556486423652,0.06081421252476055,0.043559419434373095,0.10437363195913364,0.04810991795922976,0.031367258792036716,0.07947717675126648,0.04976421218701545,0.03007772772816696,0.05877332394299905,0.044722392838488986
6,Iran,0.6545115411281586,0.6149315,0.4707677,0.26413214,0.31973898,0.5,0.40891218,0.46070394,0.26091984,0.6314234137535095,0.33303216,0.3335243,0.30808964,0.50795484,0.22397232,0.35013774,0.2721996,0.4059527,0.10848067,0.6149315,0.17897485,0.6149315,0.51905113,0.43701443,0.22726753,0.48939696,0.28932983,0.6149315,0.20428632,0.6056654,0.30392942,0.6149315,0.14833452950419124,0.26562027413861894,0.4139548036428102,0.016773453921074048,0.02986769986014912,0.04664115378122317,0.0208648977603043,0.03574105697894755,0.05660595473925185,0.009985137972912925,0.020589299163962474,0.0305744371368754,0.02316698481022531,0.04008049190314813,0.06324747671337344,0.012514186412389373,0.02598070714676809,0.03849489355915746,0.007703069753080232,0.014539548823329824,0.022242618576410057,0.015494423821090269,0.007498406296826265,0.024729257661654756,0.014803778346201299
7,USA,0.7791583091020584,0.673360675573349,0.5530656278133392,0.4008886218070984,0.4342035800218582,0.591087818145752,0.5,0.5490510761737823,0.3988749384880066,0.7741203904151917,0.4417591094970703,0.44203589856624603,0.4274570196866989,0.5932371467351913,0.3749605268239975,0.4512642025947571,0.40590114891529083,0.5808748751878738,0.29001762717962265,0.6628289222717285,0.3438279628753662,0.6718275249004364,0.5823381394147873,0.5330000817775726,0.37715134024620056,0.5696555376052856,0.41633835434913635,0.6629408597946167,0.3616241365671158,0.641782596707344,0.4250187277793884,0.6641046404838562,0.2650969595061505,0.2527097082976793,0.5178066678038298,0.035670403026189026,0.036522945708560406,0.07219334873474943,0.029809168777521773,0.027832706820828824,0.0576418755983506,0.02997770836220341,0.033983702468968854,0.06396141083117227,0.0405235483504941,0.04020478528432681,0.0807283336348209,0.035648752198822097,0.04077968010344834,0.07642843230227044,0.025048156632734186,0.026101096745162613,0.0511492533778968,0.0337293189583542,0.018317601996551174,0.045789613223406384,0.031011386321922834
8,Wales,0.7407391369342804,0.6516784727573395,0.5183411836624146,0.370990052819252,0.402973935008049,0.5392960608005524,0.45094892382621765,0.5,0.3690904229879379,0.7351227104663849,0.4103764295578003,0.4106486290693283,0.39641113579273224,0.5616796761751175,0.34681436419487,0.4197690933942795,0.37573517858982086,0.4494180679321289,0.2717098519206047,0.6402222961187363,0.31857866048812866,0.650004044175148,0.5560513734817505,0.46688467264175415,0.3488335758447647,0.5426596403121948,0.3856910318136215,0.640343427658081,0.33461514115333557,0.6176435202360153,0.3940500169992447,0.6416042000055313,0.20553379946264838,0.2578375364166614,0.4633713358793098,0.026233370460430575,0.03497314680272192,0.061206517263152495,0.024980170084940696,0.030141335827315024,0.05512150591225572,0.020473956574884038,0.030336405309927,0.05081036188481104,0.03137534784458744,0.04070400019219031,0.07207934803677775,0.024916520200658508,0.037262701912105727,0.062179222112764235,0.01653781181939047,0.02244010285953123,0.0389779146789217,0.026352651147066666,0.013574774492579017,0.03839965245843586,0.024613869908969792
9,Argentina,0.87363600730896,0.7286826893687248,0.6345625817775726,0.5051233768463135,0.5439304411411285,0.739080160856247,0.6011250615119934,0.6309095770120621,0.5,0.870394766330719,0.5587452501058578,0.5735389143228531,0.5361686050891876,0.6691144406795502,0.4686577618122101,0.5868110954761505,0.5157792866230011,0.6194929778575897,0.36125627160072327,0.7214746922254562,0.43358007073402405,0.7276441007852554,0.6600849032402039,0.6159115433692932,0.47098714113235474,0.6492613554000854,0.5374251008033752,0.7215521857142448,0.454113632440567,0.7065383121371269,0.5430307686328888,0.722356915473938,0.40248683834412996,0.2323583880240717,0.6348452263682016,0.05046163431592893,0.03605950717095556,0.08652114148688449,0.05011277709270441,0.02370510390508477,0.07381788099778919,0.05895860715877666,0.04589248711793318,0.10485109427670984,0.04192492647147598,0.026276940516819995,0.06820186698829597,0.039790735505773604,0.03073843981603324,0.07052917532180684,0.07958480715791437,0.059579123220687064,0.13916393037860142,0.04844560887108315,0.08697283645047363,0.022752967512791943,0.048367444768304554
10,Saudi Arabia,0.47039932012557983,0.48692095,0.27282727,0.13148838,0.16544884,0.3685765862464905,0.22587961,0.2648773,0.12960523,0.5,0.17396761,0.17428607,0.1581142,0.30334067,0.108522035,0.18517159,0.13625476,0.2237433,0.0488175,0.5137058,0.084202535,0.48157305,0.3128089,0.2466518,0.11036015,0.2878847,0.14655228,0.4588419,0.097706005,0.3561659,0.15552385,0.510026,0.023496248523319017,0.26675576910630583,0.2902520176296248,0.000997159649675688,0.012479071194161414,0.013476230843837101,0.005485422660690287,0.049227506149319714,0.05471292881001,0.0004314734518324787,0.00687429248515011,0.007305765936982588,0.0015620606541572935,0.018101296372075512,0.019663357026232807,0.00031972286633223516,0.005350446572067813,0.005670169438400048,0.0005538964394760997,0.00817833305726249,0.008732229496738589,0.0039253221181275826,0.005183802535896106,0.0021104892561080255,0.003809074647649929
11,Mexico,0.8301665186882019,0.7028663381934166,0.5935659855604172,0.44332873821258545,0.4797266721725464,0.6669678390026093,0.5582408905029297,0.5896235704421997,0.44125474989414215,0.8260323852300644,0.5,0.5475801825523376,0.47015732526779175,0.6319134831428528,0.41616906225681305,0.5335068106651306,0.44846633076667786,0.5774360448122025,0.31972314417362213,0.6939327567815781,0.3822040557861328,0.7015728428959846,0.6217030733823776,0.5736537128686905,0.4185025840997696,0.6096421331167221,0.45904961228370667,0.694028340280056,0.4018053263425827,0.6757347136735916,0.46773597598075867,0.6950209587812424,0.31021857820052073,0.252362761760507,0.5625813399610278,0.0353370669248233,0.035160813189369394,0.0704978801141927,0.043296754722507366,0.028793200305922192,0.07208995502842956,0.037459893810842464,0.04123933654042058,0.07869923035126304,0.0331864145743693,0.029131446704591425,0.062317861278960725,0.017417292724278197,0.0199155014760013,0.0373327942002795,0.05842905723698896,0.061244544786265905,0.11967360202325486,0.03179728674421296,0.0856976733487536,0.008168245607753671,0.030105411421651764
12,Poland,0.8298540115356445,0.7026831060647964,0.5932948589324951,0.4285276234149933,0.47970613837242126,0.6664757132530212,0.557964101433754,0.5893513709306717,0.4264610856771469,0.8257139325141907,0.45241981744766235,0.5,0.4589974582195282,0.6316611468791962,0.40162594616413116,0.5313571989536285,0.4336553364992142,0.5771610140800476,0.3088131546974182,0.6937383413314819,0.36846354603767395,0.7013878971338272,0.6214445233345032,0.5733780711889267,0.40392373502254486,0.6093773394823074,0.44425779581069946,0.6938340589404106,0.3875371813774109,0.6755197197198868,0.4565209746360779,0.6948278993368149,0.26379833493203025,0.24852308110911545,0.5123214160411457,0.02965903983376679,0.03395932620171867,0.06361836603548546,0.037330665427857596,0.028862476622731153,0.06619314205058875,0.031171018257880687,0.039679116806881756,0.07085013506476244,0.028123706993741074,0.028287012713988428,0.0564107197077295,0.025752844224662303,0.0330431801366383,0.0587960243613006,0.03736020065940958,0.04504631464793479,0.08240651530734437,0.03818967638257003,0.044348098844187715,0.024017252341053456,0.03562405183082665
13,France,0.8457133620977402,0.712027482688427,0.6074575781822205,0.4658888578414917,0.514431357383728,0.6919103562831879,0.5725429803133011,0.6035888642072678,0.4638313949108124,0.8418858051300049,0.5298426747322083,0.5410025417804718,0.5,0.6447313576936722,0.438699334859848,0.557931125164032,0.4709722101688385,0.5915848165750504,0.3350536823272705,0.7036709561944008,0.40329113602638245,0.7108195573091507,0.6348697990179062,0.5878459066152573,0.44105660915374756,0.6231623291969299,0.4813847541809082,0.7037605196237564,0.4241010993719101,0.6865454465150833,0.49403098225593567,0.704690620303154,0.29197180968739017,0.25694094100460235,0.5489127506919925,0.038600107382798406,0.03816201019167339,0.0767621175744718,0.03373295489993939,0.027516541250100526,0.06124949615003991,0.04259626810855044,0.04621687551104275,0.0888131436195932,0.03457355177686443,0.030160497586918616,0.06473404936378305,0.039776359053481744,0.04382772574088768,0.08360408479436943,0.046469786606172,0.0471282417707909,0.0935980283769629,0.04926792126712662,0.043897460433203056,0.03877349252357249,0.04491833108939269
14,Australia,0.7027614116668701,0.630686804652214,0.44177450239658356,0.3325519263744354,0.36126166582107544,0.49204516410827637,0.40676285326480865,0.4383203238248825,0.33088555932044983,0.6966593265533447,0.3680865168571472,0.36833885312080383,0.3552686423063278,0.5,0.3116544559597969,0.37684692442417145,0.33673331141471863,0.405263289809227,0.25078223273158073,0.6185342669487,0.28807538002729416,0.6289039254188538,0.5149610340595245,0.42096640169620514,0.313374288380146,0.46241843700408936,0.34559379518032074,0.6186622828245163,0.30136026442050934,0.5908859223127365,0.35312575101852417,0.6199945360422134,0.1152665014343591,0.26779434930777074,0.3830608507421298,0.011347033745574404,0.027951438182661877,0.03929847192823628,0.018429887223973783,0.037678368696658276,0.05610825592063206,0.00907130837133701,0.025234321250615213,0.03430562962195222,0.013613824125727538,0.030707632854506228,0.044321456980233764,0.006139842136075137,0.017013047491999535,0.02315288962807467,0.012227151449471436,0.03264872817913634,0.04487587962860778,0.016710087091583753,0.029317590655555337,0.007733291299057036,0.0162343038829798
15,Denmark,0.8942559212446213,0.7411520630121231,0.6565926373004913,0.5385493338108063,0.5690928846597672,0.7760276794433594,0.6250394731760025,0.65318563580513,0.5313422381877899,0.8914779648184776,0.583830937743187,0.5983740538358688,0.561300665140152,0.6883455440402031,0.5,0.6112761199474335,0.5415961444377899,0.6424746811389923,0.3800584077835083,0.7348881438374519,0.451583594083786,0.7402514666318893,0.6801290214061737,0.6390949636697769,0.5034833550453186,0.6702045649290085,0.5625653564929962,0.7349556535482407,0.4719002842903137,0.7217996120452881,0.568192183971405,0.7356566339731216,0.38016213307492613,0.22299437556592563,0.6031565086408518,0.055012956740375756,0.03700386258953192,0.09201681932990768,0.03767718717186275,0.02092474356338811,0.05860193073525086,0.06724944528137931,0.04895366433210946,0.11620310961348877,0.04273314935023028,0.02510579440371568,0.06783894375394596,0.05794533605241536,0.04258393595070994,0.1005292720031253,0.07821695493721494,0.0537581004447423,0.13197505538195725,0.062409732920149764,0.06662286422915067,0.0422639503324552,0.05759507126476265
16,Tunisia,0.8191707879304886,0.696434997022152,0.5842086970806122,0.41523632407188416,0.4529278576374054,0.6498622596263885,0.5487357974052429,0.5802309066057205,0.4131889045238495,0.814828410744667,0.4664931893348694,0.46864280104637146,0.442068874835968,0.6231530755758286,0.38872388005256653,0.5,0.4203244596719742,0.5679638236761093,0.29953156411647797,0.6871193870902061,0.35645484924316406,0.6950845420360565,0.6127389669418335,0.5641661733388901,0.39097656309604645,0.6004793494939804,0.43088042736053467,0.6872188150882721,0.3749593049287796,0.668222576379776,0.43962031602859497,0.6882526278495789,0.2125995558033247,0.2522703341217014,0.4648698899250261,0.025628189114309235,0.03310830893989242,0.058736498054201655,0.02781868846042915,0.03033524721404782,0.05815393567447697,0.026181406110531484,0.0378273624881235,0.06400876859865498,0.025054791714709233,0.028435542737358516,0.053490334452067745,0.019650033083859843,0.028410943852624323,0.048060976936484166,0.03336037053246504,0.046034252095339984,0.07939462262780503,0.03312121426387032,0.04657887434553632,0.01763100473810414,0.03140779453438295
17,Spain,0.8671274781227112,0.724777102470398,0.6279790103435516,0.48722609877586365,0.5367520749568939,0.7278003990650177,0.5940988510847092,0.6242648214101791,0.4842207133769989,0.863745242357254,0.5515336692333221,0.5663446635007858,0.5290277898311615,0.6632666885852814,0.4584038555622101,0.5796755403280258,0.5,0.6126773953437805,0.3535170257091522,0.7172880619764328,0.4233824163675308,0.7236972749233246,0.654017373919487,0.6090485900640488,0.46075037121772766,0.6429560631513596,0.5282485783100128,0.7173686400055885,0.4437936842441559,0.7018101289868355,0.5358560383319855,0.7182040885090828,0.2714879500668835,0.2880153213805536,0.5595032714474371,0.036867045318908075,0.0445117656762627,0.08137881099517077,0.03008549774011159,0.029524097644472707,0.059609595384584296,0.03803649414040074,0.05150533868739563,0.08954183282779637,0.03521430355177145,0.03830095868125071,0.07351526223302216,0.03675042158063748,0.05190803433116486,0.08865845591180234,0.03840445165296795,0.05280392344084761,0.09120837509381556,0.045373208927920905,0.045635404084550794,0.03880115199601405,0.04982720517432497
18,Costa Rica,0.7812602370977402,0.6745602339506149,0.5545975863933563,0.38245736062526703,0.4150739759206772,0.5940473079681396,0.41912512481212616,0.5505819320678711,0.3805070221424103,0.7762566953897476,0.42256395518779755,0.4228389859199524,0.40841518342494965,0.594736710190773,0.3575253188610077,0.4320361763238907,0.3873226046562195,0.5,0.2785032093524933,0.6640858948230743,0.32809796929359436,0.6730357855558395,0.5838543325662613,0.5345186293125153,0.35961689054965973,0.5711836963891983,0.39750082790851593,0.66419717669487,0.34485217928886414,0.6431378722190857,0.4060153216123581,0.6653548777103424,0.15495831885218403,0.25768557917760254,0.41264389802978657,0.018622939390001543,0.033715430225952386,0.05233836961595393,0.020350920583213753,0.031065273668668094,0.05141619425188185,0.015385207041541298,0.032675557834844486,0.04806076487638578,0.021616542187083646,0.035348208618402,0.056964750805485645,0.01616614158573461,0.035806321750261605,0.051972463335996213,0.01423290835329923,0.030624105063269878,0.04485701341656911,0.02471287716702159,0.021218516523971293,0.025324635754975938,0.027757172674628006
19,Germany,0.9525133557617664,0.7771847862750292,0.7304083630442619,0.6428947895765305,0.6709435433149338,0.8915193304419518,0.7099823728203773,0.7282901480793953,0.6387437283992767,0.9511824995279312,0.6802768558263779,0.6911868453025818,0.6649463176727295,0.7492177672684193,0.6199415922164917,0.700468435883522,0.6464829742908478,0.7214967906475067,0.5,0.7740623019635677,0.5786218643188477,0.7767388802021742,0.7445060312747955,0.7193097695708275,0.6161036491394043,0.7386728525161743,0.6634016185998917,0.7740962356328964,0.6050362139940262,0.7673756964504719,0.6679784804582596,0.7744480408728123,0.5017256057794783,0.19347256792228365,0.695198173701762,0.0789831561143179,0.036844310415285283,0.11582746652960318,0.041345291188668955,0.01454691921875115,0.0558922104074201,0.10275169522031441,0.051195851466504266,0.15394754668681868,0.05417922071212923,0.02314069859451415,0.07731991930664338,0.1153353577529468,0.05988707358754432,0.17522243134049112,0.08768783887280382,0.044195687024895174,0.131883525897699,0.07620771602363491,0.053417189098743385,0.08907052763677069,0.07953876201760164
20,Japan,0.5110848546028137,0.4709252119064331,0.36430929601192474,0.27971314638853073,0.3008485287427902,0.38506847620010376,0.3371710777282715,0.35977770388126373,0.27852530777454376,0.4862942099571228,0.30606724321842194,0.30626165866851807,0.2963290438055992,0.38146573305130005,0.26511185616254807,0.31288061290979385,0.2827119380235672,0.33591410517692566,0.22593769803643227,0.5,0.2493707835674286,0.4746604263782501,0.386714443564415,0.3492915779352188,0.2662897855043411,0.37282174825668335,0.28915437310934067,0.46155795454978943,0.25814686715602875,0.4103102535009384,0.29472699761390686,0.5300194621086121,0.07182812530145406,0.2608265315195603,0.33265465682101436,0.0059107823791858674,0.02393276823018091,0.029843550609366776,0.01300856922848915,0.039203459315197406,0.052212028543686555,0.003526185445870124,0.01653010302371718,0.0200562884695873,0.008217894409592074,0.03175630547705159,0.03997419988664366,0.004441209687202484,0.021610818203678044,0.026052027890880528,0.002526047053241197,0.011995396101443572,0.01452144315468477,0.009701900644472608,0.005398757939616947,0.01592518789639335,0.011088602525891129
21,Belgium,0.9180100336670876,0.7556990496814251,0.6844267323613167,0.573571190237999,0.6039426624774933,0.8210251480340958,0.6561720371246338,0.6814213395118713,0.566419929265976,0.9157974645495415,0.6177959442138672,0.631536453962326,0.5967088639736176,0.7119246199727058,0.548416405916214,0.6435451507568359,0.5766175836324692,0.6719020307064056,0.42137813568115234,0.7506292164325714,0.5,0.7549721635878086,0.7048967033624649,0.6688755452632904,0.5418561100959778,0.69632688164711,0.5973040163516998,0.7506840415298939,0.5328226983547211,0.7399308457970619,0.602773129940033,0.751253005117178,0.5011208056387733,0.18587336019655318,0.6869941658353265,0.068016466653503,0.02827569761107106,0.09629216426457406,0.055577217213953076,0.019396488533684017,0.07497370574763709,0.07990771881904188,0.0362419112262093,0.11614963004525118,0.055233581371262844,0.02080672904644452,0.07604031041770737,0.11339495688405656,0.05331627663778093,0.16671123352183748,0.04449168892678704,0.020364657700479332,0.06485634662726637,0.04809628475467123,0.017737326387678002,0.11301446232349363,0.0485033639737726
22,Canada,0.5505493879318237,0.4790651798248291,0.35439133644104004,0.27347511798143387,0.29346802830696106,0.38506847620010376,0.3281724750995636,0.349995955824852,0.27235589921474457,0.5184269547462463,0.29842715710401535,0.2986121028661728,0.2891804426908493,0.37109607458114624,0.25974853336811066,0.3049154579639435,0.2763027250766754,0.32696421444416046,0.2232611197978258,0.5253395736217499,0.2450278364121914,0.5,0.37622687220573425,0.3398515284061432,0.2608533203601837,0.362667053937912,0.28238777071237564,0.4646337926387787,0.25322503224015236,0.3994103968143463,0.2876622825860977,0.5151425302028656,0.0923055033295797,0.26290620378930213,0.35521170711888184,0.0069915310662007095,0.02094234624463084,0.02793387731083155,0.017511090042144812,0.04193765395745684,0.05944874399960165,0.004081906403587953,0.01416988188457116,0.018251788288159113,0.009809503207861035,0.02808309428629871,0.03789259749415974,0.0036496420264508305,0.01325130068926436,0.01690094271571519,0.004415642780837741,0.015556510526910096,0.019972153307747837,0.009594950085590125,0.011117405005802107,0.007140727613633794,0.010413191936041018
23,Morocco,0.6933999359607697,0.6255782693624496,0.4490029513835907,0.34164538979530334,0.37129391729831696,0.48094886541366577,0.4176618605852127,0.4439486265182495,0.33991509675979614,0.6871910989284515,0.3782969266176224,0.3785554766654968,0.3651302009820938,0.48503896594047546,0.3198709785938263,0.3872610330581665,0.345982626080513,0.4161456674337387,0.25549396872520447,0.613285556435585,0.2951032966375351,0.6237731277942657,0.5,0.43198251724243164,0.32166914641857147,0.4582242965698242,0.3551516979932785,0.6134148985147476,0.30908385664224625,0.5776670426130295,0.36292295157909393,0.6147612035274506,0.17305551118784931,0.2701908247652178,0.44324633595306706,0.015859451960900852,0.02583807919559782,0.04169753115649867,0.029215202962383727,0.039814675463386066,0.0690298784257698,0.0116375009818498,0.022268851760241862,0.03390635274209166,0.019873500158804656,0.029861684704006526,0.049735184862811185,0.013669908645829738,0.027172904606124912,0.04084281325195465,0.009324190332338231,0.01810036462334804,0.02742455495568627,0.017106862342737495,0.01117861007608451,0.022931003173893568,0.018957921616387784
24,Croatia,0.7587048560380936,0.6617608219385147,0.5387035012245178,0.38605286180973053,0.41883639991283417,0.5629855692386627,0.46699991822242737,0.5331153273582458,0.3840884566307068,0.7533482015132904,0.4263462871313095,0.4266219288110733,0.41215409338474274,0.5790335983037949,0.3609050363302231,0.4358338266611099,0.39095140993595123,0.46548137068748474,0.2806902304291725,0.6507084220647812,0.3311244547367096,0.6601484715938568,0.5680174827575684,0.5,0.3630177974700928,0.5552683472633362,0.40118953585624695,0.650825560092926,0.3480929881334305,0.6287851929664612,0.4097445458173752,0.6520442366600037,0.23351817984379752,0.2810296112489268,0.5145477910927243,0.02347230016648479,0.029734155689183688,0.05320645585566848,0.03670076432919973,0.03923510524788649,0.07593586957708622,0.019404336537141315,0.028595187162679208,0.04799952369982052,0.027232563599341893,0.031396017123617774,0.058628580722959664,0.0224896557012966,0.034459262101034935,0.056948917802331536,0.01585064052180083,0.02367564404596634,0.039526284567767175,0.024217055340594495,0.016274306400781972,0.031271329385693845,0.026599198877985553
25,Brazil,0.8924591690301895,0.7400597035884857,0.6545984894037247,0.5362070500850677,0.5667394250631332,0.7727324664592743,0.6228486597537994,0.6511664241552353,0.5290128588676453,0.8896398469805717,0.5814974159002304,0.5960762649774551,0.5589433908462524,0.686625711619854,0.4965166449546814,0.6090234369039536,0.5392496287822723,0.6403831094503403,0.3838963508605957,0.7337102144956589,0.4581438899040222,0.7391466796398163,0.6783308535814285,0.6369822025299072,0.5,0.6683185249567032,0.5602084100246429,0.7337785735726357,0.478768527507782,0.7204525023698807,0.565838098526001,0.7344891056418419,0.4176405003414037,0.22297246424780376,0.6406129645892075,0.05792494671451424,0.03618495660742764,0.09410990332194188,0.04469090225803188,0.02154328246453389,0.06623418472256577,0.05955179295803254,0.041167837423183896,0.10071963038121644,0.05849410798541282,0.029413009609397082,0.0879071175948099,0.07212609377853774,0.05176952956186695,0.12389562334040469,0.04554004637818751,0.03192596616111208,0.07746601253929959,0.04890767891716657,0.028949327368210386,0.06985359498660813,0.05176845776723547
26,Serbia,0.7180324494838715,0.6390758454799652,0.46880021691322327,0.35253848135471344,0.3831760138273239,0.5106030404567719,0.43034446239471436,0.4573403596878052,0.35073864459991455,0.7121152877807617,0.3903578668832779,0.39062266051769257,0.37683767080307007,0.5375815629959106,0.3297954350709915,0.3995206505060196,0.35704393684864044,0.4288163036108017,0.2613271474838257,0.6271782517433167,0.30367311835289,0.637332946062088,0.5417757034301758,0.4447316527366638,0.3316814750432968,0.5,0.3665420562028885,0.6273037642240524,0.31845174729824066,0.5962751507759094,0.3745640367269516,0.6286100447177887,0.1715549519597297,0.26096534309251807,0.43252029505224776,0.018298785279368488,0.03020782508250238,0.04850661036187087,0.025576693971779113,0.03445735766177442,0.060034051633553534,0.013122972282649354,0.025170523374913205,0.03829349565756256,0.02416832821901263,0.03375158352343835,0.05791991174245098,0.01281497204227131,0.02562615936469475,0.03844113140696606,0.013114213615853569,0.02554629863485552,0.038660512250709086,0.01997243037120678,0.019698924231592786,0.017504448239494156,0.021965592996076158
27,Switzerland,0.8570431619882584,0.7187538594007492,0.6181042939424515,0.4646341800689697,0.5262618064880371,0.7106701731681824,0.5836616456508636,0.6143089681863785,0.46257489919662476,0.8534477204084396,0.5409503877162933,0.5557422041893005,0.5186152458190918,0.6544062048196793,0.4374346435070038,0.5691195726394653,0.4717514216899872,0.6024991720914841,0.33659838140010834,0.7108456268906593,0.40269598364830017,0.7176122292876244,0.6448483020067215,0.598810464143753,0.43979158997535706,0.6334579437971115,0.5,0.7109305560588837,0.4228433072566986,0.6945665627717972,0.5245106518268585,0.7118117958307266,0.32334598237579176,0.2546124873494539,0.5779584697252457,0.04230319776226771,0.03805578161668965,0.08035897937895736,0.037942006016155314,0.027084790777546677,0.06502679679370199,0.039289907657061494,0.04007169966277878,0.07936160731984027,0.046920255249905125,0.03415829956406915,0.08107855481397427,0.043640843172346046,0.04642896683350809,0.09006981000585414,0.03399060252364812,0.035038046681510275,0.06902864920515839,0.03996797380521696,0.02962751882547285,0.04593644702569193,0.043918537438988214
28,Cameroon,0.55022332072258,0.5382894277572632,0.36418643593788147,0.27963489294052124,0.30075620114803314,0.38506847620010376,0.3370591402053833,0.35965657234191895,0.27844781428575516,0.5411581099033356,0.305971659719944,0.3061659410595894,0.2962394803762436,0.3813377171754837,0.26504434645175934,0.3127811849117279,0.28263135999441147,0.33580282330513,0.22590376436710358,0.5384420454502106,0.24931595847010612,0.5353662073612213,0.3865851014852524,0.349174439907074,0.26622142642736435,0.37269623577594757,0.28906944394111633,0.5,0.2580849379301071,0.4101763665676117,0.29463841766119003,0.5353010594844818,0.08745856532307479,0.2614497053102241,0.3489082706332989,0.0072776485999240335,0.023780575368532165,0.0310582239684562,0.015733430419124377,0.03945650345780338,0.05518993387692776,0.004234459050879099,0.01593353895673188,0.020167998007610977,0.01059674295198045,0.030451846291694756,0.04104858924367521,0.004609569933961432,0.018102916194191448,0.02271248612815288,0.0037571378916078737,0.014290464781756242,0.018047602673364117,0.010464085612468284,0.008269896354845157,0.01167162754422844,0.011879812296416574
29,Portugal,0.9048248380422592,0.7476000525057316,0.6686307638883591,0.5531450510025024,0.5836364775896072,0.7957136780023575,0.6383758634328842,0.6653848588466644,0.545886367559433,0.9022939950227737,0.5981946736574173,0.6124628186225891,0.5758989006280899,0.6986397355794907,0.5280997157096863,0.6250406950712204,0.5562063157558441,0.6551478207111359,0.3949637860059738,0.7418531328439713,0.46717730164527893,0.7467749677598476,0.6909161433577538,0.6519070118665695,0.521231472492218,0.6815482527017593,0.5771566927433014,0.7419150620698929,0.5,0.7297923713922501,0.5827436298131943,0.7425590455532074,0.4556954159546055,0.21556779649130306,0.6712632124459086,0.06370511505312634,0.03654135618299736,0.10024647123612371,0.04810346161616501,0.019641835525116436,0.06774529714128144,0.0670437246453132,0.04246190625112232,0.10950563089643553,0.0627816464200317,0.028814118730645412,0.0915957651506771,0.04689410061256553,0.030908192602009443,0.07780229321457496,0.08557506461145577,0.05541818535412197,0.14099324996557774,0.04923673713916471,0.08809024944503906,0.02537822271768503,0.05286698328790917
30,Ghana,0.6504658162593842,0.6024749726057053,0.38714197278022766,0.2948049306869507,0.31848274171352386,0.394334614276886,0.35821740329265594,0.3823564797639847,0.2934616878628731,0.643834114074707,0.3242652863264084,0.3244802802801132,0.3134545534849167,0.4091140776872635,0.2782003879547119,0.331777423620224,0.2981898710131645,0.3568621277809143,0.23262430354952812,0.5896897464990616,0.2600691542029381,0.6005896031856537,0.4223329573869705,0.3712148070335388,0.2795474976301193,0.4037248492240906,0.3054334372282028,0.5898236334323883,0.27020762860774994,0.5,0.3116677552461624,0.5912178605794907,0.12730579043455856,0.25808275800923985,0.38538854844379844,0.011201275451510246,0.02510585595073677,0.03630713140224702,0.022103267887780945,0.037706441945906374,0.059809709833687316,0.0068822414337732715,0.018051955482147865,0.024934196915921136,0.015944963896359646,0.03091846605809051,0.046863429954450156,0.006914892289563388,0.018905234508498393,0.025820126798061782,0.0066834688161967045,0.017794953245271274,0.02447842206146798,0.013097350653375115,0.012215726470592747,0.012221187005326319,0.014477756718748704
31,Uruguay,0.8482524752616882,0.7135310098528862,0.6098037660121918,0.45903530716896057,0.5176908075809479,0.6960705816745758,0.5749812722206116,0.6059499830007553,0.4569692313671112,0.8444761484861374,0.5322640240192413,0.5434790253639221,0.5059690177440643,0.6468742489814758,0.43180781602859497,0.560379683971405,0.4641439616680145,0.5939846783876419,0.3320215195417404,0.7052730023860931,0.39722687005996704,0.7123377174139023,0.6370770484209061,0.5902554541826248,0.434161901473999,0.6254359632730484,0.4754893481731415,0.70536158233881,0.4172563701868057,0.6883322447538376,0.5,0.7062809318304062,0.3263787030970975,0.27121621343114055,0.597594916528238,0.04063316839149008,0.03953768896712012,0.08017085735861021,0.04101300587394972,0.029612081522127732,0.07062508739607745,0.03722962840481955,0.041110800087414315,0.07834042849223385,0.045577162848702585,0.03600974498565195,0.08158690783435454,0.02702008449392638,0.031091079117680713,0.05811116361160709,0.046540533184729393,0.052488457925154844,0.09902899110988424,0.036885510794562794,0.06142315232904221,0.019548780294283166,0.03939982349496815
32,Korea Republic,0.5260616838932037,0.5278298258781433,0.3629089891910553,0.2788212075829506,0.29979652166366577,0.38506847620010376,0.3358953595161438,0.3583957999944687,0.277643084526062,0.4899740219116211,0.30497904121875763,0.3051721006631851,0.295309379696846,0.38000546395778656,0.26434336602687836,0.31174737215042114,0.2817959114909172,0.3346451222896576,0.22555195912718773,0.46998053789138794,0.24874699488282204,0.4848574697971344,0.38523879647254944,0.34795576333999634,0.2655108943581581,0.3713899552822113,0.2881882041692734,0.4646989405155182,0.2574409544467926,0.40878213942050934,0.2937190681695938,0.5,0.09062009051373841,0.25513323206831673,0.34575332258205516,0.007002375465531667,0.02275813156423639,0.029760507029768058,0.01700940329725621,0.038844219362923954,0.055853622660180166,0.004022382765318364,0.014725435293293659,0.018747818058612024,0.010247837018342512,0.029665614283175948,0.03991345130151846,0.002864422685153427,0.010877105887767084,0.01374152857292051,0.005083251611764728,0.019060162711986982,0.024143414323751708,0.009152182823240096,0.015857103733021433,0.004671889163057342,0.009617609421148962
